{
  "ramp_collision_s": 24.37,
  "step_collision_s": 19.3,
  "replay_collision_s": 18.67,
  "mit_ramp_collision": null,
  "mit_step_collision": 21.01,
  "mit_replay_collision": null,
  "detector_auc": 0.9848,
  "op_tpr": 0.9623,
  "op_fpr": 0.0464,
  "det_latency_ramp_s": 2.2699999999999996,
  "det_latency_step_s": 0.019999999999999574,
  "det_latency_replay_s": 0.019999999999999574,
  "critical_spoof_threshold_m": 18,
  "envelope_mags": [
    0,
    3,
    6,
    9,
    12,
    15,
    18,
    21,
    24,
    27,
    30
  ],
  "envelope_ramp_s": [
    60.0,
    60.0,
    60.0,
    60.0,
    60.0,
    60.0,
    25.34,
    24.05,
    23.240000000000002,
    22.62,
    22.14
  ],
  "envelope_step_s": [
    60.0,
    60.0,
    60.0,
    60.0,
    60.0,
    60.0,
    21.400000000000002,
    18.93,
    18.31,
    17.96,
    17.7
  ]
}